id;first_name;last_name;pin;email;mobile_number;job_title
1;Clyde;Towne;13559;Manuel_Glover9@hotmail.com;16888;Human Accountability Architect
2;Talon;Hammes;18523;Elena_Bode@hotmail.com;27228;District Mobility Associate
3;Erich;Nikolaus;13186;Fredrick.Harber62@hotmail.com;434;Customer Accountability Specialist
4;Clint;Farrell;29862;Madonna.Littel-Yost21@hotmail.com;18956;Product Group Technician
5;Eldon;Rodriguez;29483;Adeline.Okuneva2@hotmail.com;20137;Future Group Administrator
6;Burnice;Farrell;31250;Emmett_Romaguera-Wyman@yahoo.com;26091;Internal Research Consultant
7;Laurine;Torp;753;Coralie_Jacobi93@gmail.com;9391;Legacy Accounts Assistant
8;Eulah;Veum;9028;Filiberto.Kuhlman53@gmail.com;3596;Senior Accounts Orchestrator
9;Zachery;Schamberger;24029;Josue.Romaguera@gmail.com;29039;Central Data Associate
10;Eleanora;Johnston;660;Maudie.Pollich@yahoo.com;22874;Principal Directives Planner
