id;first_name;last_name;email;mobile_number;company
1;Lon;Ferry;Graciela.Pacocha@hotmail.com;9023;functional carefree
2;Christop;Fadel;Leslie.Dooley31@hotmail.com;3143;gently valiantly
3;Tate;Bergstrom;Lurline73@hotmail.com;5013;urgently
4;Delfina;Brekke;Lydia.Harris55@gmail.com;30778;violet round mmm
5;Twila;Cremin;Arlie_Zemlak22@hotmail.com;20998;spry lively
6;Ariane;McClure;Madie60@hotmail.com;28623;whenever villainous
7;Mikel;Hand;Lindsey47@yahoo.com;24760;all striking
8;Torrance;Monahan;Will_Welch16@gmail.com;19936;snarling fooey
9;Mohammed;Ondricka-Schroeder;Xzavier_Reichert9@gmail.com;1277;chit-chat
10;Felicity;Olson;Myrl80@hotmail.com;13254;humongous implant
