id;in_time;out_time;car_registration_number;car_parking_number;message_to_host;visitor_id;office_id;host_id
1;2024-01-17T06:42:41;2024-01-16T18:06:15;corral unionize supposing;from;mesh long;1;1;1
2;2024-01-17T17:21:15;2024-01-17T16:22:24;firm bitterly beyond;oof after;position oof;2;2;2
3;2024-01-16T21:58:19;2024-01-17T16:20:48;gadzooks how;lively absent;gosh instantly mockingly;3;3;3
4;2024-01-17T09:37:01;2024-01-16T20:33:01;anenst inwardly;supernatural whiten whose;lest contest boohoo;4;4;4
5;2024-01-17T13:10:48;2024-01-17T01:38:21;yowza counterbalance;ugh;many reassuringly hm;5;5;5
6;2024-01-17T11:30:00;2024-01-17T03:53:53;label;boohoo;cavernous;6;6;6
7;2024-01-17T13:39:00;2024-01-16T18:20:58;wonderfully as;after run spectrograph;besides wealthy likewise;7;7;7
8;2024-01-17T06:47:38;2024-01-17T15:43:17;fiercely;anthologize unexpectedly kettle;ew eek;8;8;8
9;2024-01-17T01:34:48;2024-01-17T08:06:08;claw besides;down aside;so listen;9;9;9
10;2024-01-17T11:46:42;2024-01-17T14:32:47;plus if like;chronicle flawed drat;pretend aha;10;10;10
